"Consumer Price Index, monthly, not seasonally adjusted 1 2 3"
"Frequency: Monthly"
"Table: 18-10-0004-01 (formerly CANSIM 326-0020)"
"Release date: 2023-11-21"
"Geography: Canada, Province or territory, Census subdivision, Census metropolitan area, Census metropolitan area part"
""
""

"Geography","Alberta",,,,,,,,,,,,,,,,,,,,,,,,,,,,,,,,,,,,,,,,,,,,,,,,,,,,,,,,,,,,,,,,,,,,,,,,,,,,,,,,,,,,,,,,,,,,,,,,,,,,,,,,,,,,,,,,,,,,,,,,,,,,,,,,,,,,,,,,,,,,,,,,,,,,,,,,,,,,,,,,,,,,,,,,,,,,,,,,,,,,,,,,,,,,,,,,,,,,,,,,,,,,,,,,,,,,,,,,,,,,,,,,,,,,,,,,,,,,,,,,,,,,,,,,,,,,,,,,,,,,,,,,,,,,,,,,,,,,,,,,,,,,,,,,,,,,,,,,,,,,,,,,,,,,,,,,,,,,,,,,,,,,,,,,,,,,,,,,,,,,,,,,,,,,,,,,,,,,,,,,,,,,,,,,,,,,,,,,,,,,,,,,,,,,,,,,,,,,,,,,,,,,,,,,,,,,,,,,,,,,,,,,,,,,,,,,,,,,,,,,,,,,,,,,,,,,,,,,,,,,,,,,,,,,,,,,,,,,,,,,,,,,,,,,,,,,,,,,,,,,,,,,,,,,,,,,,
"Products and product groups 3 4","January 1981","February 1981","March 1981","April 1981","May 1981","June 1981","July 1981","August 1981","September 1981","October 1981","November 1981","December 1981","January 1982","February 1982","March 1982","April 1982","May 1982","June 1982","July 1982","August 1982","September 1982","October 1982","November 1982","December 1982","January 1983","February 1983","March 1983","April 1983","May 1983","June 1983","July 1983","August 1983","September 1983","October 1983","November 1983","December 1983","January 1984","February 1984","March 1984","April 1984","May 1984","June 1984","July 1984","August 1984","September 1984","October 1984","November 1984","December 1984","January 1985","February 1985","March 1985","April 1985","May 1985","June 1985","July 1985","August 1985","September 1985","October 1985","November 1985","December 1985","January 1986","February 1986","March 1986","April 1986","May 1986","June 1986","July 1986","August 1986","September 1986","October 1986","November 1986","December 1986","January 1987","February 1987","March 1987","April 1987","May 1987","June 1987","July 1987","August 1987","September 1987","October 1987","November 1987","December 1987","January 1988","February 1988","March 1988","April 1988","May 1988","June 1988","July 1988","August 1988","September 1988","October 1988","November 1988","December 1988","January 1989","February 1989","March 1989","April 1989","May 1989","June 1989","July 1989","August 1989","September 1989","October 1989","November 1989","December 1989","January 1990","February 1990","March 1990","April 1990","May 1990","June 1990","July 1990","August 1990","September 1990","October 1990","November 1990","December 1990","January 1991","February 1991","March 1991","April 1991","May 1991","June 1991","July 1991","August 1991","September 1991","October 1991","November 1991","December 1991","January 1992","February 1992","March 1992","April 1992","May 1992","June 1992","July 1992","August 1992","September 1992","October 1992","November 1992","December 1992","January 1993","February 1993","March 1993","April 1993","May 1993","June 1993","July 1993","August 1993","September 1993","October 1993","November 1993","December 1993","January 1994","February 1994","March 1994","April 1994","May 1994","June 1994","July 1994","August 1994","September 1994","October 1994","November 1994","December 1994","January 1995","February 1995","March 1995","April 1995","May 1995","June 1995","July 1995","August 1995","September 1995","October 1995","November 1995","December 1995","January 1996","February 1996","March 1996","April 1996","May 1996","June 1996","July 1996","August 1996","September 1996","October 1996","November 1996","December 1996","January 1997","February 1997","March 1997","April 1997","May 1997","June 1997","July 1997","August 1997","September 1997","October 1997","November 1997","December 1997","January 1998","February 1998","March 1998","April 1998","May 1998","June 1998","July 1998","August 1998","September 1998","October 1998","November 1998","December 1998","January 1999","February 1999","March 1999","April 1999","May 1999","June 1999","July 1999","August 1999","September 1999","October 1999","November 1999","December 1999","January 2000","February 2000","March 2000","April 2000","May 2000","June 2000","July 2000","August 2000","September 2000","October 2000","November 2000","December 2000","January 2001","February 2001","March 2001","April 2001","May 2001","June 2001","July 2001","August 2001","September 2001","October 2001","November 2001","December 2001","January 2002","February 2002","March 2002","April 2002","May 2002","June 2002","July 2002","August 2002","September 2002","October 2002","November 2002","December 2002","January 2003","February 2003","March 2003","April 2003","May 2003","June 2003","July 2003","August 2003","September 2003","October 2003","November 2003","December 2003","January 2004","February 2004","March 2004","April 2004","May 2004","June 2004","July 2004","August 2004","September 2004","October 2004","November 2004","December 2004","January 2005","February 2005","March 2005","April 2005","May 2005","June 2005","July 2005","August 2005","September 2005","October 2005","November 2005","December 2005","January 2006","February 2006","March 2006","April 2006","May 2006","June 2006","July 2006","August 2006","September 2006","October 2006","November 2006","December 2006","January 2007","February 2007","March 2007","April 2007","May 2007","June 2007","July 2007","August 2007","September 2007","October 2007","November 2007","December 2007","January 2008","February 2008","March 2008","April 2008","May 2008","June 2008","July 2008","August 2008","September 2008","October 2008","November 2008","December 2008","January 2009","February 2009","March 2009","April 2009","May 2009","June 2009","July 2009","August 2009","September 2009","October 2009","November 2009","December 2009","January 2010","February 2010","March 2010","April 2010","May 2010","June 2010","July 2010","August 2010","September 2010","October 2010","November 2010","December 2010","January 2011","February 2011","March 2011","April 2011","May 2011","June 2011","July 2011","August 2011","September 2011","October 2011","November 2011","December 2011","January 2012","February 2012","March 2012","April 2012","May 2012","June 2012","July 2012","August 2012","September 2012","October 2012","November 2012","December 2012","January 2013","February 2013","March 2013","April 2013","May 2013","June 2013","July 2013","August 2013","September 2013","October 2013","November 2013","December 2013","January 2014","February 2014","March 2014","April 2014","May 2014","June 2014","July 2014","August 2014","September 2014","October 2014","November 2014","December 2014","January 2015","February 2015","March 2015","April 2015","May 2015","June 2015","July 2015","August 2015","September 2015","October 2015","November 2015","December 2015","January 2016","February 2016","March 2016","April 2016","May 2016","June 2016","July 2016","August 2016","September 2016","October 2016","November 2016","December 2016","January 2017","February 2017","March 2017","April 2017","May 2017","June 2017","July 2017","August 2017","September 2017","October 2017","November 2017","December 2017","January 2018","February 2018","March 2018","April 2018","May 2018","June 2018","July 2018","August 2018","September 2018","October 2018","November 2018","December 2018","January 2019","February 2019","March 2019","April 2019","May 2019","June 2019","July 2019","August 2019","September 2019","October 2019","November 2019","December 2019","January 2020","February 2020","March 2020","April 2020","May 2020","June 2020","July 2020","August 2020","September 2020","October 2020","November 2020","December 2020","January 2021","February 2021","March 2021","April 2021","May 2021","June 2021","July 2021","August 2021","September 2021","October 2021","November 2021","December 2021","January 2022","February 2022","March 2022","April 2022","May 2022","June 2022","July 2022","August 2022","September 2022","October 2022","November 2022","December 2022","January 2023","February 2023","March 2023","April 2023","May 2023","June 2023","July 2023","August 2023","September 2023","October 2023"
,"2002=100",,,,,,,,,,,,,,,,,,,,,,,,,,,,,,,,,,,,,,,,,,,,,,,,,,,,,,,,,,,,,,,,,,,,,,,,,,,,,,,,,,,,,,,,,,,,,,,,,,,,,,,,,,,,,,,,,,,,,,,,,,,,,,,,,,,,,,,,,,,,,,,,,,,,,,,,,,,,,,,,,,,,,,,,,,,,,,,,,,,,,,,,,,,,,,,,,,,,,,,,,,,,,,,,,,,,,,,,,,,,,,,,,,,,,,,,,,,,,,,,,,,,,,,,,,,,,,,,,,,,,,,,,,,,,,,,,,,,,,,,,,,,,,,,,,,,,,,,,,,,,,,,,,,,,,,,,,,,,,,,,,,,,,,,,,,,,,,,,,,,,,,,,,,,,,,,,,,,,,,,,,,,,,,,,,,,,,,,,,,,,,,,,,,,,,,,,,,,,,,,,,,,,,,,,,,,,,,,,,,,,,,,,,,,,,,,,,,,,,,,,,,,,,,,,,,,,,,,,,,,,,,,,,,,,,,,,,,,,,,,,,,,,,,,,,,,,,,,,,,,,,,,,,,,,,,,,
"All-items","47.2","47.7","48.1","48.3","49.0","49.7","50.2","50.7","50.9","51.4","52.0","52.3","52.7","53.4","54.2","54.5","55.2","55.6","56.0","56.3","56.6","56.9","57.0","56.8","56.9","57.2","57.6","58.1","58.4","58.5","58.6","58.6","58.5","58.8","58.9","58.9","59.2","59.3","59.3","59.6","59.5","59.6","60.2","60.2","60.2","60.1","60.2","60.3","60.6","60.8","61.0","61.4","61.4","61.8","61.9","61.8","61.9","62.0","62.2","62.3","62.6","62.9","63.1","63.1","63.5","63.6","64.0","64.2","64.2","64.3","64.3","64.4","64.6","64.7","64.9","65.5","66.1","66.6","67.1","67.1","66.9","67.0","67.2","67.3","67.2","67.2","67.7","68.1","68.2","68.1","68.4","68.3","68.4","68.4","68.4","68.2","68.6","69.0","69.6","69.7","70.7","71.2","71.7","71.7","72.0","72.0","72.2","72.5","73.1","73.4","73.6","74.1","74.3","74.8","75.3","75.5","75.8","76.4","76.8","76.7","78.9","78.2","78.6","78.6","79.2","79.5","79.9","80.0","80.0","79.8","80.0","79.6","79.8","80.0","80.4","80.3","80.4","80.5","80.8","80.8","80.8","80.7","81.2","81.0","81.3","81.4","80.4","80.8","81.0","81.3","81.7","81.7","81.8","81.7","82.1","82.1","82.1","82.0","81.8","82.1","82.2","82.4","82.9","82.9","83.3","83.1","83.2","83.6","83.6","83.9","84.1","84.3","84.5","84.3","84.8","84.7","84.9","84.9","85.3","85.0","85.1","85.2","85.8","86.2","86.4","86.2","86.7","86.8","87.0","86.8","87.0","87.1","87.7","87.9","88.1","87.8","87.9","88.3","88.3","88.3","88.4","88.4","88.3","88.3","88.6","87.9","88.4","88.8","89.0","89.7","89.7","89.7","89.4","89.5","89.5","89.7","89.9","89.9","90.1","90.3","91.0","91.2","91.4","92.1","92.6","92.7","92.3","92.7","92.4","92.3","93.3","93.3","93.9","94.3","95.2","95.3","95.9","96.0","96.3","96.3","93.4","95.7","95.6","95.7","99.2","99.5","97.9","97.8","98.6","97.4","93.9","95.4","96.7","97.2","97.5","99.0","99.4","99.9","99.9","100.1","101.4","102.5","103.0","103.3","103.5","103.8","104.9","104.9","104.2","104.7","104.3","104.2","104.8","104.3","104.7","104.6","104.6","104.6","104.9","105.2","106.1","107.1","106.4","106.2","106.3","106.0","106.7","106.4","106.1","106.2","106.9","107.6","107.4","107.8","108.7","108.7","110.0","109.7","109.6","109.0","110.4","109.7","110.3","111.4","112.2","111.8","113.4","113.9","114.1","113.0","113.7","114.2","114.7","115.0","116.4","117.5","117.8","118.8","119.1","119.3","119.4","118.6","119.1","118.9","118.8","119.0","119.8","121.3","122.2","124.0","123.3","124.1","122.8","121.5","121.6","121.2","120.2","121.5","120.9","120.4","121.4","122.0","121.5","122.0","121.5","121.6","122.6","121.9","122.3","122.7","122.1","122.3","122.7","122.7","123.3","122.7","122.6","123.0","122.7","122.9","123.5","124.2","124.5","126.0","126.1","125.3","125.7","126.3","126.0","127.2","126.6","126.5","127.1","126.6","126.6","127.0","126.6","126.9","126.8","127.6","127.8","128.0","127.3","126.5","126.5","127.7","128.1","128.7","129.5","129.8","129.6","129.4","129.5","129.3","129.5","129.1","129.9","130.8","133.1","132.2","132.8","132.3","132.9","132.7","132.9","133.2","132.1","131.5","131.0","132.0","133.0","133.1","133.6","134.5","134.6","135.0","134.6","135.1","134.7","133.5","133.7","133.8","135.0","135.1","135.6","136.3","135.6","135.9","135.3","135.8","135.0","134.9","137.0","136.7","136.8","137.4","137.2","136.9","137.0","137.4","137.0","137.6","138.4","137.6","138.9","139.7","139.9","140.6","140.7","140.7","141.8","141.6","141.1","141.4","140.7","140.5","140.5","142.0","143.1","143.7","144.0","142.7","143.6","143.4","142.9","143.6","143.6","143.7","144.7","145.5","144.1","143.0","144.1","145.0","144.9","144.2","145.0","145.2","145.4","144.8","145.8","146.4","146.9","147.7","148.6","148.9","150.3","151.0","150.8","151.5","151.6","151.7","152.8","154.5","156.5","157.0","159.2","161.4","161.4","160.0","160.1","161.8","161.6","160.8","160.5","160.1","161.7","163.7","164.1","164.4","166.0","166.8","166.0","165.2"
"Food 5","52.6","53.0","53.0","53.0","53.4","54.6","55.3","55.7","55.1","55.3","55.7","55.5","55.7","56.6","56.6","57.1","58.5","59.6","59.8","59.5","58.9","59.3","58.9","58.6","58.8","59.5","59.1","59.9","60.5","60.4","60.7","60.7","59.8","60.7","60.4","60.3","61.4","61.8","62.1","62.6","62.3","63.1","63.8","63.7","64.1","63.6","63.2","63.4","64.0","64.7","64.9","65.9","65.5","66.2","66.6","66.0","66.1","65.6","65.6","66.3","66.9","66.9","67.2","67.7","68.3","68.8","69.3","69.5","70.6","70.4","70.4","70.4","70.9","70.8","71.1","70.5","71.9","72.8","73.1","72.8","72.1","71.5","72.0","71.8","72.8","72.8","72.7","72.8","73.2","73.6","74.2","74.1","74.4","73.7","72.5","70.7","72.0","72.7","72.6","72.8","74.0","74.6","75.3","75.0","75.6","74.9","74.6","74.7","76.7","76.7","76.7","77.2","76.9","78.2","79.0","78.5","78.8","79.2","78.8","79.0","82.7","82.8","82.4","82.6","83.2","84.7","84.2","83.1","83.0","81.9","82.2","81.8","82.7","83.6","83.0","83.4","83.1","83.6","82.6","83.1","83.1","82.9","82.9","82.8","83.3","83.1","76.7","77.7","78.9","80.3","80.9","80.4","80.4","80.1","80.0","80.7","80.6","79.8","79.9","79.9","80.3","80.4","81.1","80.4","80.9","81.7","81.2","82.1","83.1","83.1","82.6","83.6","83.1","82.9","83.0","82.9","82.6","82.6","82.7","84.2","84.1","83.6","84.0","84.7","84.6","84.9","85.1","84.6","85.3","85.7","86.9","87.2","88.1","87.9","88.1","87.6","88.2","88.2","88.5","87.5","87.4","88.1","88.5","89.0","89.5","88.6","89.0","88.8","89.5","90.5","90.3","89.4","88.8","88.5","89.7","89.5","91.1","90.2","90.7","90.4","90.6","90.7","90.9","90.5","90.8","90.6","91.2","91.9","91.3","91.3","91.7","91.9","92.8","92.9","93.1","93.5","93.2","92.6","93.6","95.1","94.7","95.6","96.4","96.3","97.6","97.9","98.3","97.9","96.9","96.9","97.1","98.9","99.7","99.6","99.3","100.5","100.0","100.2","99.9","99.9","99.2","99.0","100.4","102.0","100.9","100.2","100.7","101.3","102.4","102.3","101.3","101.1","100.9","100.8","101.8","103.2","102.7","101.6","102.1","101.4","102.5","103.6","103.2","103.1","103.3","103.1","104.2","103.8","103.7","102.7","102.9","104.4","104.8","105.5","105.6","105.8","104.1","105.7","105.3","106.5","106.3","106.8","105.5","105.4","106.7","107.4","108.3","108.5","109.0","109.2","109.8","110.1","110.7","111.6","111.4","112.0","111.9","112.3","112.4","112.0","111.2","110.6","110.5","110.4","111.1","111.6","111.6","112.8","113.8","114.8","115.4","116.6","116.8","116.7","118.6","119.6","119.8","120.2","120.9","120.6","121.3","120.8","121.2","120.8","119.2","119.5","120.4","120.7","121.0","121.8","122.3","122.0","121.6","121.7","122.3","121.9","121.2","121.8","122.3","122.0","123.3","123.1","124.6","124.8","125.3","125.8","126.1","126.3","126.6","126.4","127.0","127.4","128.0","127.8","127.2","126.7","127.6","128.0","129.3","129.4","128.3","128.0","128.8","128.5","129.8","130.4","130.0","130.4","131.4","129.7","131.4","132.2","131.5","130.5","131.2","131.1","132.4","133.2","134.1","133.3","134.6","134.6","135.0","135.1","135.0","134.8","136.3","136.4","138.2","138.3","138.3","138.3","139.6","139.7","140.0","140.0","140.1","140.1","140.9","141.5","143.7","142.7","142.2","142.3","142.4","142.3","142.6","143.2","139.6","138.4","139.3","139.8","139.9","140.6","141.2","140.4","142.0","142.3","142.8","143.1","142.1","141.3","142.6","142.2","143.7","143.0","143.1","142.7","143.0","143.2","144.0","144.5","144.4","144.5","145.3","145.6","146.8","147.8","148.2","147.6","148.3","149.5","150.8","150.1","150.0","150.3","150.6","150.7","153.6","152.7","153.3","153.0","154.1","154.0","153.6","152.4","152.4","152.7","153.7","152.5","154.1","155.0","155.9","155.5","157.4","157.4","157.3","157.7","158.7","158.8","159.8","160.5","162.9","164.6","166.5","167.5","168.8","169.3","170.5","172.6","174.1","175.1","176.7","176.6","180.0","180.5","180.5","181.1","182.8","182.7","183.5","183.3","183.6","183.4"
"Shelter 6","50.8","51.3","51.7","52.1","53.0","53.6","54.7","55.2","55.7","57.0","57.3","57.8","58.7","60.0","61.2","61.6","62.0","62.2","62.9","63.5","64.8","65.3","65.4","65.6","65.6","65.7","65.7","65.8","65.6","65.6","65.1","64.8","64.7","64.7","64.7","64.9","64.8","64.7","64.5","64.5","64.5","64.2","64.2","64.2","64.1","64.2","64.2","64.2","64.2","64.2","64.3","64.5","64.5","64.5","64.1","64.1","64.2","64.3","64.4","64.4","64.7","64.8","65.1","65.1","65.1","65.1","65.1","65.2","65.1","65.5","65.5","65.5","65.7","65.7","65.6","66.0","65.8","66.0","65.7","65.8","65.8","66.3","66.5","66.5","66.7","66.8","66.9","66.9","66.7","66.9","67.0","67.3","67.3","67.8","68.2","68.4","68.7","68.9","69.2","69.2","69.5","69.8","70.1","70.5","70.6","71.3","71.9","72.3","73.2","73.5","74.1","74.8","75.2","75.4","75.4","75.8","76.3","77.0","77.7","78.0","79.2","79.6","79.6","79.3","79.4","79.4","79.9","80.0","79.9","80.7","81.2","81.2","81.7","81.7","81.6","81.4","81.4","81.4","81.7","81.7","81.7","81.9","82.1","82.2","82.4","82.5","82.6","83.5","83.6","83.5","83.3","83.2","83.0","83.5","84.4","84.3","84.3","84.3","84.3","83.9","83.9","83.9","83.9","84.1","84.3","84.4","84.8","84.8","84.5","84.1","84.2","84.2","84.5","84.7","85.0","84.9","84.9","85.1","85.3","85.3","85.4","85.5","85.5","85.7","85.7","85.7","85.8","85.7","85.7","85.8","85.8","85.8","87.2","87.1","87.4","86.3","86.1","86.4","86.5","86.4","86.6","86.6","87.4","87.4","87.6","85.4","86.8","88.1","88.2","88.6","88.7","88.9","87.8","89.2","88.7","90.0","90.1","90.2","90.2","90.3","90.4","90.5","90.6","91.6","92.0","93.4","93.1","93.2","93.5","92.2","93.3","94.4","95.4","95.7","97.8","98.3","99.1","100.6","101.4","101.6","90.6","97.3","97.4","97.7","107.7","107.8","101.8","101.9","102.0","101.6","90.3","95.9","100.6","100.6","96.4","97.5","97.9","97.6","96.9","95.7","100.8","105.4","105.2","105.4","106.9","107.3","109.5","110.2","107.2","108.7","107.8","106.3","107.9","107.9","108.4","108.6","107.9","108.4","107.6","108.6","108.6","111.6","110.5","111.1","110.9","110.4","111.2","111.2","110.5","109.8","110.6","112.0","111.3","111.8","114.9","113.3","116.8","117.1","117.8","115.7","120.8","117.7","118.0","120.6","121.9","120.4","126.1","126.3","131.2","129.7","131.8","133.6","134.3","133.8","135.8","138.0","135.9","140.0","140.6","143.8","143.1","144.5","145.3","145.4","146.0","146.4","147.9","150.9","151.6","156.0","152.8","156.9","150.0","149.7","151.6","153.0","150.3","151.8","148.6","146.3","145.8","146.2","146.1","147.4","145.2","145.4","147.9","147.4","148.5","148.2","146.7","145.3","145.6","147.5","149.7","147.9","147.9","147.7","147.1","149.1","149.2","151.1","148.5","153.6","149.3","150.4","152.8","154.8","150.2","155.7","153.0","156.6","157.5","155.1","150.5","149.9","147.9","150.8","151.4","153.8","152.6","153.8","153.2","153.3","154.4","153.9","153.7","156.3","156.3","157.1","157.0","156.6","157.3","156.8","158.5","158.0","160.5","160.7","166.5","161.5","162.3","159.2","163.4","162.2","162.6","164.6","162.6","163.6","163.9","162.6","162.3","162.1","160.6","161.8","163.0","163.6","163.2","164.2","163.6","163.4","163.1","163.7","162.7","160.8","160.4","161.2","162.5","163.1","162.3","163.3","163.5","163.0","166.3","164.6","163.6","164.5","163.6","163.1","164.2","164.9","163.8","164.9","165.1","166.1","167.1","167.7","166.6","168.5","166.6","166.4","168.6","168.6","168.6","169.5","170.7","170.9","171.7","172.1","173.1","173.2","172.8","169.5","170.0","171.3","171.7","173.2","173.7","175.1","174.6","175.2","173.6","173.3","174.0","173.9","174.6","173.9","175.5","174.7","175.7","176.2","176.5","176.8","177.3","177.2","177.7","179.1","182.1","183.3","181.8","182.1","183.2","184.9","186.2","188.4","187.2","189.7","191.7","194.7","193.7","192.0","193.0","194.3","195.1","198.9","194.3","192.6","195.6","200.4","201.4","203.6","208.3","212.3","211.8","210.5"
"Household operations, furnishings and equipment","56.8","57.0","58.1","58.9","59.4","60.0","60.5","60.6","61.1","61.3","61.8","62.0","63.8","63.8","64.9","66.0","66.2","66.9","66.8","67.0","67.2","67.5","67.7","67.7","67.7","68.0","68.7","69.5","70.0","69.8","69.6","69.7","70.1","70.6","70.8","71.0","70.8","70.4","70.5","70.9","70.9","70.7","71.6","71.3","72.1","72.3","72.8","73.1","73.3","72.9","73.5","73.4","73.7","73.6","73.5","74.0","73.4","73.6","74.1","73.9","73.6","74.1","74.8","74.7","74.8","75.6","75.7","75.6","75.4","76.0","76.0","76.2","76.3","76.5","76.5","76.8","77.3","77.6","77.7","77.4","77.6","77.3","78.1","78.1","79.2","79.0","80.1","79.8","80.2","79.9","80.4","78.7","79.2","80.0","80.1","80.3","80.2","80.4","80.9","81.3","81.5","82.1","82.4","82.4","82.6","83.0","82.9","83.3","83.6","83.0","83.1","83.4","83.8","84.2","84.6","85.0","84.4","84.6","84.4","84.7","86.6","86.2","86.2","86.9","87.1","87.6","87.1","87.0","87.6","86.9","86.6","86.8","86.7","86.8","86.8","87.6","87.6","86.0","86.3","86.1","85.9","85.7","86.1","86.3","86.3","86.2","85.0","85.3","85.7","86.3","86.5","86.4","86.9","86.6","86.3","86.5","86.2","86.9","86.5","86.7","86.5","86.5","86.3","85.7","85.7","86.3","86.1","86.7","86.7","86.8","86.9","86.9","87.1","86.6","86.8","86.9","87.6","87.6","88.0","87.6","88.1","88.0","89.5","90.2","90.2","89.8","89.8","90.2","90.2","90.0","90.0","90.3","90.8","90.8","91.4","91.4","91.4","91.0","91.2","91.4","91.9","92.3","91.4","91.8","92.5","92.7","92.7","92.8","92.8","93.6","93.4","93.6","94.4","93.8","94.1","94.1","94.4","95.1","94.8","94.5","95.1","95.8","95.9","95.6","96.1","95.8","95.7","96.5","96.2","96.4","96.3","96.3","96.2","96.6","97.0","97.1","97.3","97.4","97.1","97.4","97.2","98.0","98.2","97.7","97.9","98.2","98.9","98.7","99.5","99.3","98.9","99.9","99.6","99.5","100.0","100.3","100.3","100.2","99.9","100.1","99.6","99.7","99.8","101.0","100.5","100.0","99.9","99.9","99.4","100.3","100.3","100.5","101.7","101.5","101.2","100.9","100.7","100.7","100.8","100.8","100.6","100.7","100.7","100.8","100.9","100.7","101.0","100.8","100.8","100.9","101.0","101.0","101.0","101.5","101.7","101.8","101.9","101.4","101.8","102.5","102.9","103.0","103.3","103.0","102.9","103.3","102.6","103.0","103.7","102.9","103.0","102.9","103.2","104.0","103.7","104.1","103.9","104.5","104.7","104.9","104.8","104.4","104.4","104.9","104.2","103.9","104.2","104.7","104.2","104.4","104.5","104.5","106.4","105.6","106.0","105.4","105.6","107.2","107.3","107.2","107.8","107.6","107.6","107.7","108.4","109.5","109.7","107.4","107.6","106.9","106.9","107.8","108.2","107.5","107.6","107.6","107.2","108.5","108.8","107.8","108.1","108.6","109.1","108.1","108.1","109.1","109.1","109.5","110.3","110.3","110.0","109.5","109.7","110.1","110.4","110.3","110.4","110.8","111.0","110.8","111.5","111.8","112.3","111.6","111.4","112.0","112.3","112.7","112.8","113.0","113.3","112.9","112.8","113.5","113.4","113.3","113.5","113.9","114.4","114.9","115.1","115.3","115.3","116.0","116.4","117.0","117.1","116.6","116.7","117.8","118.1","118.1","117.8","119.0","119.0","119.1","119.8","120.0","119.6","118.9","119.6","120.9","121.3","121.5","122.1","122.3","121.7","121.8","120.7","121.6","121.0","121.0","120.9","120.8","120.8","121.3","122.5","122.7","121.5","121.7","121.0","122.4","122.8","120.2","121.3","122.2","122.0","123.4","122.0","122.1","121.8","121.8","122.3","123.2","122.8","122.7","122.7","123.8","123.5","123.7","123.8","124.0","122.7","122.6","122.3","122.4","122.2","121.9","121.9","122.6","123.2","123.7","121.9","122.3","122.6","122.7","122.7","122.8","122.4","121.3","121.8","121.7","120.5","122.1","121.8","121.2","122.0","122.5","122.7","122.7","121.8","121.7","121.3","122.8","125.0","126.0","127.5","127.4","127.6","128.4","128.8","129.1","129.4","127.8","128.0","127.9","129.0","129.5","127.2","126.5","126.4","126.0","125.2","124.1"
"Clothing and footwear","64.5","65.4","65.7","65.9","66.3","66.9","66.5","67.1","67.3","67.9","68.3","68.2","67.6","68.9","69.5","69.0","70.0","70.2","70.3","70.7","70.8","70.8","71.6","71.3","69.0","70.9","71.7","71.6","71.7","71.9","71.3","72.3","71.9","72.3","72.2","72.1","71.5","73.1","73.3","73.4","73.3","72.9","73.0","72.9","73.4","73.6","73.5","73.1","73.6","73.9","74.3","74.4","74.5","74.7","74.6","74.6","75.1","75.1","75.6","75.1","75.1","75.8","76.5","76.1","76.3","76.1","76.0","76.5","76.9","76.7","76.3","77.6","77.5","78.7","79.0","79.2","79.4","78.2","78.7","79.6","80.6","80.3","80.2","81.1","81.6","83.4","83.6","84.1","84.2","84.2","83.1","84.2","84.4","83.6","83.1","84.9","85.0","86.5","87.3","86.3","87.1","86.3","86.7","86.6","87.0","86.7","86.6","86.7","86.7","88.4","89.0","89.3","88.7","89.0","88.9","90.1","90.1","89.5","89.3","89.3","93.1","96.6","97.4","96.8","97.4","97.1","97.1","99.2","98.5","97.7","97.2","96.0","95.9","98.8","98.7","98.6","97.1","96.5","96.3","98.6","97.4","97.9","96.3","95.0","97.0","98.8","99.0","99.2","98.1","98.2","98.8","99.3","98.5","97.9","97.2","97.1","98.1","97.7","98.0","98.5","98.3","97.8","97.9","99.2","99.2","98.8","97.6","98.1","97.9","99.6","100.0","99.6","97.6","98.0","97.4","99.0","99.9","100.4","99.6","98.0","99.8","98.8","99.6","98.7","96.4","95.8","97.2","98.5","99.1","99.0","98.0","97.1","96.4","98.3","98.9","99.2","98.1","98.0","97.1","98.5","98.8","99.4","99.2","98.5","98.0","99.0","98.8","100.1","98.2","98.5","96.8","99.6","100.0","100.4","100.0","99.0","100.1","100.0","100.5","101.0","100.3","100.0","99.6","101.2","102.8","103.9","100.3","100.0","97.7","98.1","100.9","100.4","98.8","98.6","98.9","99.5","101.9","102.3","100.5","98.3","98.9","100.6","101.1","100.5","100.3","97.9","100.7","102.2","102.4","101.6","98.7","97.0","96.3","100.5","102.1","101.1","99.4","99.3","99.0","98.2","102.2","103.6","100.1","98.1","98.9","98.4","100.2","98.1","99.1","98.5","98.1","97.9","99.7","101.3","99.7","98.0","98.8","99.1","100.3","99.4","98.1","97.8","96.3","97.3","99.6","99.9","97.4","96.4","97.2","98.8","102.4","98.6","97.8","98.2","99.3","98.6","102.4","101.3","100.0","97.9","96.9","97.5","100.8","98.0","98.2","96.5","96.2","98.6","101.9","100.9","100.9","97.0","98.1","99.6","101.8","102.0","99.7","99.2","99.2","99.0","101.3","99.4","100.0","96.9","96.5","96.3","99.4","97.0","96.2","96.1","97.3","98.1","98.6","97.5","96.9","95.2","96.9","97.8","99.1","97.7","96.2","96.0","94.4","97.1","98.4","100.3","99.4","96.1","96.1","96.0","97.7","98.7","97.3","95.0","94.3","94.9","96.6","98.4","95.1","91.9","92.8","94.1","97.0","94.0","95.8","92.1","91.8","91.2","95.5","97.4","94.1","90.7","92.2","90.7","95.9","95.8","95.0","92.0","90.5","90.6","94.9","97.1","93.9","91.1","90.0","90.4","96.1","96.0","94.8","92.9","92.1","92.3","95.7","96.2","95.9","92.0","90.9","90.5","96.2","97.2","95.4","94.2","92.6","92.5","96.4","96.0","93.9","91.5","91.4","93.2","97.1","96.8","96.3","93.9","93.1","93.6","96.9","97.4","96.8","91.8","90.9","91.1","95.5","96.0","95.9","93.5","91.6","91.6","96.4","98.0","94.7","91.7","91.5","92.9","95.7","96.2","95.9","93.7","93.9","94.5","96.6","97.7","96.9","94.2","92.7","95.3","96.8","98.0","97.3","97.5","95.7","96.2","98.3","98.1","96.1","94.0","92.3","95.3","97.8","98.8","97.7","96.5","94.9","95.7","100.1","101.0","100.5","98.8","100.2","102.4","103.4","97.3","96.3","96.4","96.1","96.5","98.2","99.0","98.9","94.7","93.8","92.9","94.6","96.4","96.2","95.5","94.5","95.3","96.8","97.0","98.5","94.3","94.9","94.8","97.0","97.3","100.3","99.5","96.9","98.5","98.9","99.4","100.5","98.6","98.4","97.5","98.1","98.8","100.1","98.6","98.0","96.9","98.1","97.5"
"Transportation","40.8","41.1","41.7","42.1","42.8","43.7","43.8","43.7","44.7","44.8","46.3","46.6","47.3","47.1","48.3","48.6","48.8","49.5","49.8","50.0","50.2","49.8","50.0","49.3","50.2","49.9","51.3","51.6","51.9","52.4","52.7","52.8","52.4","52.4","53.1","53.4","53.8","53.8","53.6","53.6","53.6","53.7","54.7","54.8","54.6","53.6","54.6","55.0","55.3","55.6","56.0","56.3","56.6","57.0","57.2","56.8","57.1","57.3","58.0","58.4","58.7","58.9","58.9","57.7","57.7","57.9","59.5","59.4","58.0","58.0","58.4","58.7","58.7","58.4","59.1","59.0","59.5","61.3","63.6","63.3","62.3","62.4","62.2","63.0","60.0","58.8","60.6","62.0","61.1","60.2","60.6","60.4","60.3","59.9","60.3","59.9","60.4","60.4","62.3","62.8","64.0","64.9","65.7","65.4","65.4","65.2","65.9","66.1","66.4","66.6","66.5","66.9","67.3","67.7","68.2","68.3","68.7","70.5","72.1","71.4","72.8","67.5","67.8","66.9","68.6","68.1","69.7","70.4","69.8","69.3","69.8","69.3","69.1","67.8","70.2","69.4","70.1","71.3","72.2","71.1","70.7","70.5","73.1","72.6","73.2","72.5","72.7","72.5","72.4","72.9","73.3","73.4","73.4","73.3","74.5","74.6","73.9","74.2","73.6","75.3","75.3","76.0","77.0","77.8","78.2","77.0","78.0","78.7","78.7","79.4","80.0","80.6","81.5","81.2","81.3","80.4","80.6","80.6","82.0","81.5","81.2","81.6","83.6","84.4","85.0","84.1","84.2","84.2","84.6","84.0","85.3","86.0","85.9","86.3","86.4","85.8","85.7","86.4","85.9","85.9","86.0","85.7","85.6","85.6","85.5","84.8","84.9","85.3","85.2","85.5","85.2","85.3","85.1","84.9","85.7","85.6","85.0","84.9","85.5","86.8","87.9","87.8","88.1","90.0","90.8","90.7","90.4","91.5","90.6","91.1","93.2","92.1","92.1","92.7","93.5","92.7","93.9","93.8","95.1","94.5","93.6","94.5","92.9","93.5","95.8","97.0","94.8","94.1","98.1","94.1","91.4","90.4","90.5","91.4","95.5","98.1","99.0","100.8","101.7","104.0","103.7","103.0","106.1","106.2","106.5","107.9","109.4","108.3","107.2","107.1","107.1","108.1","108.0","105.5","106.9","106.4","107.6","107.1","108.7","109.6","112.9","112.7","111.4","109.9","109.0","109.1","112.0","111.5","110.5","111.6","112.6","114.0","113.4","113.6","113.7","115.6","117.9","115.6","114.6","114.2","115.4","114.3","116.3","119.7","120.5","119.4","120.8","121.6","115.3","113.3","113.8","114.7","114.9","115.2","119.0","120.5","123.6","122.7","122.4","119.8","121.0","117.3","118.9","119.2","119.3","118.6","119.6","122.4","125.2","127.4","126.9","125.0","124.4","119.5","116.8","113.5","111.7","114.0","113.7","113.7","116.1","119.0","116.7","117.0","115.8","115.3","117.0","116.9","118.8","117.9","117.6","119.0","120.6","119.1","118.0","118.0","118.1","118.9","119.5","120.4","122.4","121.9","124.2","126.2","129.1","124.0","123.2","123.8","125.1","125.6","126.8","123.9","125.6","125.4","127.8","130.2","128.9","127.3","125.4","126.3","127.7","127.8","125.7","124.3","123.3","127.6","127.4","126.8","128.9","131.2","128.5","127.3","127.6","127.8","126.8","127.4","127.9","129.8","131.8","132.1","132.2","132.9","131.3","131.3","130.2","131.0","128.3","125.4","122.4","124.3","127.1","128.0","129.1","131.5","130.4","131.1","128.1","130.3","129.1","126.9","126.7","124.8","128.7","130.6","132.2","135.6","131.3","131.5","130.9","132.4","129.8","131.2","136.5","134.3","133.5","136.0","134.4","133.5","132.9","133.4","133.6","135.1","138.6","138.0","140.2","140.3","141.3","143.2","143.4","145.1","148.0","146.8","143.3","144.0","140.8","141.3","139.5","142.0","145.5","148.0","148.7","145.5","147.1","146.2","142.8","143.7","143.3","145.2","147.7","148.2","142.5","139.9","145.5","148.7","148.2","146.4","147.1","148.4","148.4","148.8","151.3","153.8","155.4","157.2","159.3","159.9","162.4","164.5","162.8","165.9","165.8","166.4","166.9","169.4","176.9","174.8","178.9","187.0","187.5","178.5","175.4","182.4","177.6","172.1","170.7","169.9","173.0","177.1","176.9","178.2","180.1","180.9","178.2","176.6"
"Gasoline","40.3","40.3","42.7","42.5","43.5","46.6","46.3","45.6","50.3","50.5","50.6","51.4","51.4","51.4","55.3","55.0","53.3","56.1","56.1","56.2","59.8","55.0","54.9","50.3","55.5","52.5","61.6","63.6","62.5","62.7","64.2","64.3","64.3","64.3","64.3","64.3","65.4","65.6","65.6","65.6","63.6","61.9","66.4","66.5","65.7","65.3","65.5","66.6","67.6","67.7","67.8","69.5","70.2","70.9","69.4","68.0","70.0","71.6","72.5","73.0","73.7","73.7","68.8","60.0","58.4","58.3","58.3","58.2","58.2","58.0","56.4","56.4","58.6","60.0","62.1","62.3","61.6","70.2","70.1","70.0","69.7","73.1","70.9","71.6","66.5","58.2","58.9","68.5","67.8","65.3","62.5","61.2","63.0","62.5","57.9","57.0","55.0","55.7","62.5","65.2","71.3","72.7","73.8","73.8","73.8","73.9","73.9","73.9","74.7","75.7","76.7","79.7","81.5","82.7","82.1","82.5","84.9","94.8","96.8","91.3","98.8","68.7","71.1","67.2","78.2","75.5","81.8","83.8","82.3","79.1","74.8","74.6","73.9","67.2","73.0","67.8","72.2","76.0","79.6","75.6","73.3","72.2","76.3","74.4","77.2","72.2","72.2","72.0","72.0","75.4","73.7","73.7","73.1","73.3","69.9","70.3","66.9","66.1","63.3","72.2","73.0","75.5","76.4","79.1","80.5","74.1","71.8","73.9","72.7","74.0","76.5","80.1","84.0","80.8","79.4","74.2","74.7","75.2","74.4","72.0","71.0","71.7","79.6","82.0","84.9","81.8","81.8","81.5","83.5","80.4","79.7","82.1","82.3","85.9","84.6","82.7","82.9","85.7","84.1","84.0","83.5","83.0","79.9","79.0","77.2","75.1","74.4","77.7","77.7","78.5","76.3","76.0","75.7","74.8","75.2","73.4","71.7","71.0","72.1","77.4","81.9","81.3","82.5","88.1","91.4","91.4","88.0","91.1","90.3","91.2","100.6","96.9","96.6","99.6","103.8","100.5","105.8","106.9","104.9","103.2","100.8","103.3","98.7","97.7","107.8","112.0","98.6","95.6","113.7","96.7","83.5","77.9","80.6","84.2","94.2","103.1","101.7","102.2","104.7","107.7","107.5","105.5","106.7","101.8","105.3","112.4","114.5","106.9","101.3","102.3","102.5","110.3","112.4","100.4","96.1","93.3","100.6","103.5","111.0","114.8","130.0","129.8","118.7","117.9","116.1","122.6","121.6","115.5","114.0","119.4","125.3","134.1","128.4","130.4","138.1","145.2","158.5","144.9","129.0","125.3","132.6","127.6","136.7","153.6","157.8","153.4","163.2","170.0","134.7","124.7","124.4","126.5","128.2","130.8","147.6","153.4","167.8","161.7","166.0","156.8","159.5","145.2","150.3","150.9","156.2","157.4","164.9","177.2","190.2","199.3","202.4","191.2","195.5","169.8","131.7","111.7","117.8","126.8","128.5","130.4","137.4","148.7","142.5","146.5","144.6","139.2","142.1","135.8","143.0","138.3","142.2","144.7","146.9","138.5","141.0","144.3","143.4","145.5","142.5","149.7","159.3","159.4","172.5","179.5","189.8","176.5","173.5","172.5","172.1","171.5","164.0","157.3","159.9","164.6","176.4","183.5","177.3","177.3","174.0","177.2","184.5","181.1","163.0","159.2","148.3","170.9","174.8","170.0","180.2","193.6","183.3","177.0","175.9","170.1","165.7","166.8","164.1","170.8","183.9","186.9","185.9","191.6","186.2","182.3","180.0","177.2","158.9","139.7","118.1","131.8","140.9","144.5","149.0","164.2","163.2","169.3","152.6","157.6","146.1","129.9","120.1","105.3","126.9","135.0","144.0","160.7","140.1","143.3","140.0","146.6","133.6","140.1","160.8","145.0","144.0","162.3","150.9","146.5","146.0","151.6","154.4","154.8","173.7","161.9","169.8","166.2","175.1","191.0","198.6","194.6","202.2","197.6","197.9","187.0","167.3","150.3","146.0","155.8","173.1","186.7","184.8","159.8","166.0","156.8","156.2","154.3","150.3","151.6","155.7","151.9","122.9","101.4","132.6","145.4","149.6","147.9","158.2","153.2","151.1","152.6","157.8","170.5","179.4","188.4","194.1","197.9","207.1","206.7","203.4","215.3","214.8","209.2","210.6","221.8","251.6","236.4","254.7","289.0","278.7","231.4","217.1","254.2","229.7","193.9","197.2","192.4","202.1","220.1","219.2","218.9","214.7","223.4","220.2","213.7"
"Health and personal care","46.0","47.0","48.4","48.5","49.2","49.5","49.7","50.3","50.3","50.5","50.9","51.2","51.4","52.6","55.3","55.6","56.2","56.6","57.1","57.8","57.8","58.0","58.6","59.0","59.0","59.2","59.6","60.5","60.6","60.8","61.4","61.6","61.7","61.8","61.8","61.8","62.0","62.2","62.5","62.8","62.8","62.9","63.0","63.4","63.4","63.4","63.0","62.9","63.2","63.5","63.4","64.1","64.2","64.4","64.7","64.9","65.3","65.4","65.6","65.7","66.0","66.2","66.3","66.9","66.5","67.1","67.3","67.1","67.3","67.8","67.9","67.9","68.4","68.5","68.7","69.5","69.7","70.1","69.9","70.3","70.1","70.3","70.9","71.0","71.3","71.8","71.9","72.6","72.6","72.5","72.9","73.1","73.1","73.1","73.4","73.2","73.4","74.0","74.1","74.7","75.5","75.3","76.1","76.6","77.1","77.2","77.5","77.6","77.5","78.0","78.2","78.7","79.7","78.9","79.4","80.2","80.1","80.2","80.8","80.8","83.6","83.5","83.6","84.4","84.6","84.9","84.6","84.4","84.1","84.6","84.8","83.8","84.6","84.7","84.4","86.3","86.5","86.6","86.7","87.0","86.8","86.7","87.0","87.0","87.7","87.9","87.7","88.3","88.5","87.9","88.4","88.3","88.1","88.7","89.1","88.4","89.6","89.5","88.5","89.4","89.4","89.4","89.0","88.4","88.6","88.2","88.3","88.0","87.8","88.4","88.2","88.2","88.2","88.2","88.3","88.4","88.2","88.2","87.8","87.8","88.1","88.0","88.4","88.7","88.7","88.5","89.3","89.6","89.1","89.2","90.5","90.6","90.4","90.3","90.1","91.7","91.6","91.5","91.4","91.8","91.6","92.2","92.1","92.1","92.2","92.2","92.3","92.2","92.4","92.9","93.2","93.3","93.5","93.1","93.4","93.0","93.4","93.7","94.0","93.9","94.6","94.6","94.6","94.6","94.5","94.6","94.9","95.1","95.5","96.2","95.7","95.9","97.2","97.5","96.3","97.0","97.4","97.6","97.6","97.1","97.7","97.6","97.4","98.4","98.8","99.2","99.4","98.7","98.5","99.2","99.0","99.0","99.1","98.8","99.2","100.1","100.0","100.7","99.4","99.9","100.2","101.0","100.6","100.8","101.0","100.8","101.2","101.8","101.8","101.7","101.8","101.6","102.1","102.7","102.9","101.7","101.9","102.9","103.3","103.5","103.6","104.0","103.7","103.5","103.7","103.8","103.1","103.1","103.0","103.2","103.9","104.5","104.3","104.2","104.4","105.0","105.3","105.8","106.3","105.9","106.0","106.3","106.5","106.6","106.2","107.2","105.9","106.5","107.0","106.8","107.5","107.0","107.2","107.8","107.2","108.3","108.6","108.6","108.4","108.9","109.6","109.2","109.6","109.6","109.4","109.5","109.2","110.4","110.4","111.2","111.2","111.2","111.8","112.0","112.2","111.9","112.5","112.4","112.2","113.9","114.2","115.2","115.2","114.7","120.1","120.1","120.0","120.2","119.9","119.9","119.5","121.1","121.1","121.6","122.3","122.4","122.4","122.6","121.9","122.1","122.0","122.9","122.7","123.5","124.3","124.7","124.0","126.0","126.4","126.2","126.8","126.6","126.4","126.8","127.6","128.1","127.9","128.0","127.6","128.4","127.9","128.3","128.0","127.7","127.8","127.6","126.9","128.0","127.3","127.2","126.6","126.8","126.9","126.7","126.8","127.1","127.6","127.5","127.3","128.4","128.9","128.4","128.8","128.2","128.3","127.3","128.5","128.1","128.7","129.2","128.7","128.3","129.7","129.9","130.0","130.4","130.2","130.1","131.8","131.3","132.1","131.6","131.7","131.6","132.0","132.2","132.0","133.3","132.0","132.1","132.0","132.5","133.3","132.8","133.6","133.2","133.5","133.0","134.1","135.3","134.2","135.9","135.2","135.5","137.0","136.4","136.9","136.1","137.0","136.6","136.7","137.2","136.5","136.4","135.4","135.9","136.5","137.2","137.0","138.1","138.1","138.0","138.6","138.8","138.5","138.8","138.7","138.8","140.0","140.1","139.2","139.2","139.6","139.7","140.3","139.9","140.5","140.9","140.5","139.3","140.6","140.8","140.6","141.4","141.6","140.1","141.3","141.8","140.9","141.4","141.6","141.2","140.6","141.4","142.0","142.5","143.5","144.1","145.1","145.9","145.4","147.1","148.1","148.5","149.7","151.1","151.5","152.1","153.1","154.2","154.1","155.0","154.5","155.2"
"Recreation, education and reading","44.9","45.0","45.2","45.3","46.1","46.5","46.8","47.2","47.2","47.9","48.2","48.2","48.3","48.8","48.9","49.2","50.0","50.2","50.7","51.2","51.4","52.5","52.7","52.4","53.1","53.4","53.3","53.3","53.9","54.0","54.7","54.9","54.9","54.6","54.7","54.4","54.4","54.6","54.7","54.9","55.1","55.1","55.8","56.0","56.3","56.4","56.5","56.2","56.2","56.8","56.9","57.0","57.8","57.9","58.4","58.6","58.6","58.6","58.7","58.4","58.7","59.1","58.9","59.2","60.6","60.6","61.2","61.3","61.7","62.0","60.9","60.9","61.1","61.6","61.5","61.9","63.0","63.1","63.8","63.9","64.6","64.8","64.9","64.6","65.4","65.6","65.8","66.2","66.9","66.8","67.5","67.7","68.0","68.2","68.3","68.3","68.3","68.4","68.6","68.9","69.6","69.6","70.3","70.5","70.9","70.5","70.6","70.6","70.6","71.1","71.2","71.2","72.0","72.0","73.5","73.7","74.4","74.1","74.1","73.7","76.2","76.3","76.3","76.2","76.9","76.7","78.0","78.3","79.0","78.1","78.2","77.4","77.3","77.4","77.4","77.1","77.5","77.8","79.4","79.5","80.4","79.4","79.6","78.7","78.7","79.0","79.0","79.0","79.5","79.6","80.9","81.1","82.8","82.2","82.2","81.3","81.7","82.3","82.3","82.3","82.9","82.8","84.6","84.5","85.9","85.0","84.9","84.5","84.1","84.8","85.3","85.2","86.0","85.9","88.6","88.5","89.3","88.0","88.6","86.5","86.7","87.2","87.5","87.8","88.9","88.9","91.8","91.7","91.9","90.6","89.3","88.8","88.9","89.3","89.5","89.8","90.7","92.0","93.3","93.3","93.6","92.6","90.1","90.3","90.7","91.5","91.7","91.6","93.1","94.4","95.5","95.3","94.6","94.0","92.3","92.0","91.6","91.7","91.4","91.8","94.2","95.3","96.4","96.5","96.8","95.3","94.0","93.7","93.7","94.4","94.8","95.1","96.6","97.7","98.9","98.8","99.2","97.2","95.7","95.3","95.5","96.3","96.6","96.8","98.4","99.0","99.3","99.1","99.3","97.6","96.9","96.9","96.9","97.9","98.3","98.2","100.4","101.2","101.6","101.6","101.5","101.3","100.8","100.3","99.7","100.6","100.5","100.5","101.6","102.0","102.2","102.3","102.3","101.9","101.4","100.6","100.2","100.9","101.2","101.0","102.2","102.6","102.8","102.3","103.1","101.8","101.5","101.1","100.9","101.8","101.8","101.7","102.8","103.0","103.3","102.6","103.3","102.5","101.8","101.6","101.1","101.7","102.4","102.3","103.6","104.0","104.0","103.7","102.8","101.4","101.0","101.0","101.2","101.9","102.2","102.4","104.3","104.7","105.9","105.9","105.9","104.9","104.3","103.6","101.8","102.7","103.4","104.0","105.1","105.4","105.6","105.4","105.8","104.7","103.6","103.1","101.8","103.0","103.4","104.1","106.2","106.3","106.6","106.7","107.4","106.5","105.9","105.3","103.4","107.9","105.3","105.9","106.4","106.7","107.5","106.8","106.6","105.8","104.8","104.3","103.3","104.9","104.9","105.4","107.2","107.1","107.9","107.1","106.8","105.2","104.4","104.1","102.7","103.6","104.9","105.5","107.0","107.0","107.9","108.1","107.9","106.1","105.2","104.6","103.5","104.8","105.0","105.4","107.4","107.8","109.1","109.1","107.4","106.2","105.8","105.5","105.4","107.4","106.9","107.3","109.4","110.3","110.3","110.8","110.2","108.4","106.8","106.7","105.4","108.8","108.9","108.2","111.3","112.1","112.7","113.7","112.8","110.7","109.3","107.8","107.2","109.3","110.5","110.5","111.3","111.4","112.2","112.2","112.5","111.6","111.1","110.5","112.2","114.6","115.4","114.6","114.2","114.6","114.9","114.2","113.7","112.4","111.6","109.9","111.7","114.8","114.9","112.8","117.4","114.4","115.9","115.2","114.8","113.9","112.6","111.3","112.1","113.8","113.7","113.7","115.6","115.3","118.9","117.4","116.0","116.4","115.4","113.4","112.7","116.1","115.1","114.4","114.2","115.4","115.2","114.9","116.3","115.9","115.4","115.4","115.9","115.8","115.7","115.9","116.9","117.4","119.2","118.7","119.9","120.0","118.5","118.0","120.0","121.3","123.2","121.4","124.0","125.9","126.5","124.4","124.7","124.0","123.1","121.1","122.3","122.4","123.8","124.0","125.5","124.1","126.1","125.2","123.4","123.9"
"Alcoholic beverages, tobacco products and recreational cannabis","20.9","21.0","21.0","21.2","21.9","22.1","23.1","23.4","23.6","23.8","24.6","24.6","24.6","25.2","25.2","25.5","25.8","25.9","26.0","26.2","26.3","27.0","27.3","27.4","27.4","27.3","27.8","29.5","29.9","29.9","30.2","30.2","31.2","32.1","32.1","32.1","32.1","32.2","32.2","32.2","32.5","32.5","32.8","33.1","33.4","33.6","33.7","33.7","33.8","33.7","33.8","34.1","34.3","35.7","36.2","36.3","36.3","36.3","36.4","36.5","37.2","37.5","37.7","38.8","39.1","39.1","39.2","39.5","39.5","39.6","39.8","39.8","39.8","39.9","40.1","45.4","46.4","46.4","46.4","46.4","46.4","46.4","46.4","46.4","47.1","47.3","47.4","47.4","48.2","48.2","48.2","48.3","48.2","48.2","48.5","48.5","48.5","49.0","49.1","49.1","52.5","53.6","53.9","54.1","54.1","54.1","54.4","54.5","54.7","54.9","55.0","56.2","56.5","57.7","57.7","58.1","58.3","58.8","59.2","59.1","60.7","61.3","66.1","67.5","68.4","68.4","68.5","68.6","68.7","69.2","69.3","69.3","69.3","69.7","69.7","69.7","70.1","70.1","70.3","70.5","70.6","70.4","70.6","70.6","70.6","71.0","70.8","70.8","70.9","70.9","71.1","71.3","71.4","71.3","71.3","71.3","71.3","69.9","69.4","69.3","69.2","69.0","69.3","69.0","68.7","68.6","68.7","68.6","68.7","69.0","68.9","68.7","68.9","68.9","68.9","68.9","69.0","69.0","69.4","69.5","69.6","69.8","69.9","69.6","70.0","69.9","69.9","70.0","70.0","69.9","69.6","69.9","70.0","70.4","70.4","70.6","71.1","71.4","71.5","71.6","71.6","71.8","71.8","71.8","71.8","71.9","72.0","72.3","72.6","72.7","72.8","72.9","73.0","73.0","73.2","73.1","73.2","73.3","73.4","73.6","73.8","73.8","73.6","73.7","73.7","73.7","74.1","74.0","74.1","74.3","74.3","74.5","74.6","74.6","74.8","74.8","75.4","75.4","75.8","76.1","76.1","75.8","76.0","76.0","77.4","77.8","78.0","78.7","78.8","78.8","80.6","80.8","80.9","81.0","88.3","100.3","102.4","103.9","106.2","106.6","106.6","107.9","107.9","108.0","108.1","109.0","108.7","109.2","110.3","110.5","110.5","111.8","111.9","111.9","112.4","112.3","112.2","112.2","112.3","112.8","113.6","113.5","113.6","113.7","113.6","113.7","113.5","113.2","113.3","113.5","113.8","114.0","114.4","114.6","114.7","115.1","115.3","115.1","115.3","115.0","115.6","115.5","115.9","116.2","116.4","116.1","115.9","116.3","116.5","116.8","117.5","118.7","119.6","119.5","119.7","121.1","124.7","125.8","125.7","125.1","125.7","125.6","126.1","126.0","126.1","127.1","126.9","126.9","127.0","127.7","127.5","127.9","128.2","128.8","129.1","128.9","129.2","128.7","128.7","128.2","135.5","135.8","134.7","134.1","133.7","133.4","133.6","133.3","133.4","133.5","133.5","133.7","133.5","133.9","133.9","133.3","133.5","133.7","134.5","134.0","134.6","134.0","134.1","134.2","135.1","135.2","135.1","135.3","135.5","135.7","135.8","135.9","136.1","137.6","137.8","137.9","138.3","138.4","138.6","138.8","138.4","138.4","138.6","137.5","138.8","139.0","139.3","139.6","140.0","139.7","139.7","139.8","140.4","140.4","140.4","139.8","140.6","142.3","144.1","144.6","144.8","144.5","144.6","144.6","144.8","144.9","145.2","145.1","145.6","146.4","147.2","151.6","152.4","152.8","152.7","152.9","153.3","153.6","157.3","157.7","158.2","159.7","159.7","160.0","160.1","160.5","160.9","161.0","161.4","161.5","161.6","161.5","162.3","163.0","163.4","163.6","163.9","164.4","164.8","165.2","165.6","165.6","165.9","165.8","166.3","168.1","169.0","169.6","169.9","170.7","170.5","170.8","171.3","171.2","170.8","170.8","171.3","171.4","171.5","171.7","171.6","171.6","171.8","172.5","172.9","172.9","174.9","170.6","171.2","171.4","171.8","172.9","173.7","173.6","173.7","172.5","170.6","171.8","171.1","170.5","170.8","170.8","170.4","173.2","173.6","173.0","174.0","173.8","173.6","173.3","173.4","171.8","174.3","175.3","175.2","177.8","178.3","178.5","178.6","179.0","179.4","180.7","182.0","181.2","182.6","182.8","183.5","184.6","185.5","186.4","187.1","187.9","187.8","187.7"
"All-items excluding food and energy 7","47.0","47.5","47.9","48.3","49.0","49.5","49.9","50.4","50.7","51.2","52.1","52.3","52.9","53.4","54.2","54.6","55.1","55.4","55.7","56.0","56.2","56.8","57.1","57.1","56.9","57.3","57.5","57.9","58.2","58.2","58.4","58.5","58.5","58.8","59.0","59.0","59.0","59.1","59.1","59.1","59.2","59.2","59.5","59.6","59.7","59.6","59.9","59.9","60.0","60.1","60.3","60.5","60.8","61.0","61.2","61.2","61.3","61.3","61.7","61.7","61.8","62.1","62.6","63.0","63.4","63.5","63.9","64.1","63.8","64.1","64.2","64.3","64.3","64.4","64.5","65.5","66.0","66.0","66.6","66.7","66.7","66.7","66.9","67.1","67.1","67.5","68.2","68.2","68.2","68.2","68.6","68.6","68.6","68.7","69.1","69.2","69.6","70.0","70.4","70.5","71.2","71.5","72.0","72.1","72.3","72.5","72.7","73.0","73.4","73.7","73.8","74.3","74.5","74.8","75.4","75.7","76.0","76.1","76.6","76.7","78.1","78.6","79.1","79.4","79.6","79.6","80.0","80.4","80.4","80.4","80.7","80.4","80.4","80.7","81.0","81.2","81.2","81.2","81.5","81.6","81.7","81.6","82.1","81.7","82.1","82.3","82.3","82.5","82.5","82.6","83.0","83.0","83.2","83.2","83.5","83.5","83.5","83.6","83.5","83.5","83.6","83.6","84.1","84.2","84.4","84.4","84.7","84.8","84.8","85.3","85.5","85.5","85.6","85.7","86.3","86.5","86.8","86.6","87.1","86.6","86.9","87.0","87.4","87.5","87.5","87.4","88.1","88.2","88.3","88.0","88.1","88.1","88.1","88.3","88.6","88.7","88.8","89.0","89.1","89.3","89.6","89.5","89.1","89.1","89.4","89.7","89.9","90.1","90.2","90.6","90.8","91.1","91.2","91.1","91.0","91.0","91.1","91.3","91.4","91.6","92.1","92.4","92.6","92.9","93.3","93.2","92.9","93.1","92.8","93.2","93.5","93.6","93.8","94.1","94.3","94.5","94.9","94.7","94.7","94.6","94.6","95.1","95.1","95.4","95.9","95.9","96.7","96.8","96.9","96.4","96.2","96.4","96.2","96.7","98.0","99.0","99.8","100.6","100.7","101.2","101.5","101.7","102.1","102.5","102.4","102.5","103.0","103.1","103.4","103.5","103.5","103.5","103.8","104.1","104.5","104.2","104.2","104.1","104.4","104.4","104.6","104.7","104.9","104.6","104.8","104.5","105.1","105.1","105.0","105.4","105.8","105.5","105.9","106.0","105.9","106.0","106.4","106.5","107.2","107.3","107.6","108.0","108.8","109.0","109.7","110.2","110.5","111.1","112.0","112.0","112.4","112.5","112.8","113.5","114.1","114.8","115.6","116.2","116.4","116.7","117.3","117.1","117.4","117.3","116.8","116.9","117.4","117.8","118.0","118.3","118.2","118.4","118.6","118.6","119.5","119.3","118.6","119.2","119.1","119.1","120.0","120.2","119.9","119.9","120.3","120.7","120.7","120.1","119.9","120.7","120.0","120.8","121.1","121.0","120.8","120.5","120.6","121.3","121.2","120.6","120.7","121.1","121.3","121.3","122.1","121.3","121.3","121.5","122.3","122.6","123.0","122.0","122.4","122.3","123.1","123.8","123.9","123.3","123.0","123.2","123.7","124.1","124.1","123.3","123.4","124.0","124.6","124.9","125.3","125.3","125.3","125.2","125.5","126.1","125.9","125.6","126.0","126.8","127.5","128.1","128.4","128.5","128.2","128.6","128.9","129.1","128.8","128.5","128.5","129.6","130.6","130.7","131.3","131.5","131.3","131.5","131.8","132.2","132.2","131.3","131.6","132.3","133.3","133.6","133.9","133.9","133.3","133.3","133.6","134.2","133.5","133.2","134.1","134.7","135.0","134.9","135.1","134.9","134.6","134.6","134.5","135.4","135.4","134.7","135.4","136.6","136.7","136.6","137.0","137.2","137.7","137.6","136.9","137.6","137.1","137.5","137.4","138.5","138.9","139.2","139.7","139.7","140.1","140.2","139.6","140.4","140.2","139.8","140.4","141.7","141.5","141.0","140.9","141.6","141.3","140.8","140.8","141.7","141.6","140.9","141.3","141.2","141.3","142.1","142.8","143.0","143.8","144.3","144.2","144.4","144.1","144.1","144.5","145.6","147.4","148.2","149.8","150.5","151.3","151.4","151.8","152.3","152.5","152.3","152.5","152.6","153.7","154.5","154.7","154.8","155.9","155.8","155.6","155.8"
"All-items excluding energy 7","48.1","48.6","48.9","49.3","49.8","50.5","51.1","51.4","51.5","52.0","52.8","52.9","53.4","54.1","54.7","55.1","55.8","56.2","56.5","56.7","56.6","57.3","57.4","57.3","57.3","57.7","57.7","58.2","58.6","58.6","58.8","58.9","58.7","59.1","59.2","59.2","59.4","59.5","59.5","59.8","59.9","60.0","60.3","60.3","60.5","60.4","60.5","60.5","60.8","61.0","61.2","61.4","61.6","61.9","62.2","62.2","62.2","62.2","62.4","62.4","62.7","63.0","63.5","63.9","64.3","64.4","65.0","65.1","65.1","65.3","65.3","65.4","65.6","65.6","65.7","66.4","67.1","67.2","67.8","67.8","67.6","67.6","67.8","68.0","68.1","68.4","69.0","69.0","69.1","69.2","69.5","69.5","69.6","69.7","69.7","69.5","70.0","70.4","70.7","70.9","71.7","72.0","72.7","72.6","72.9","72.9","73.0","73.3","73.9","74.2","74.4","74.7","75.0","75.5","76.0","76.3","76.5","76.7","77.0","77.2","79.0","79.4","79.8","80.0","80.3","80.6","80.7","80.9","80.9","80.8","81.0","80.6","80.9","81.3","81.4","81.7","81.5","81.6","81.8","81.9","81.9","81.8","82.3","82.1","82.3","82.6","81.4","81.8","81.9","82.2","82.7","82.7","82.8","82.7","83.1","83.1","83.2","83.1","83.0","83.1","83.1","83.1","83.6","83.6","84.0","84.0","84.1","84.4","84.5","85.0","85.0","85.2","85.2","85.2","85.8","85.8","86.1","86.0","86.4","86.2","86.4","86.4","86.7","87.0","87.1","87.0","87.6","87.6","87.8","87.6","88.0","88.0","88.2","88.3","88.5","88.6","88.8","89.0","89.1","89.1","89.2","89.3","89.0","89.1","89.4","89.5","89.7","89.8","90.0","90.6","90.7","90.8","90.8","90.6","90.8","90.7","91.1","91.1","91.2","91.3","91.8","92.1","92.3","92.4","92.8","92.7","92.6","92.9","92.5","92.8","93.1","93.3","93.6","93.9","94.1","94.3","94.6","94.3","94.5","94.7","94.6","95.2","95.3","95.5","96.2","96.3","97.0","97.0","96.9","96.5","96.4","96.8","96.8","97.3","98.2","99.3","99.8","100.5","100.6","101.0","101.1","101.2","101.8","102.4","102.1","102.1","102.6","102.8","103.2","103.3","103.2","103.1","103.2","103.5","104.0","104.0","103.9","103.7","104.0","103.8","104.2","104.5","104.6","104.3","104.6","104.2","104.9","104.9","104.7","104.9","105.2","105.3","105.7","105.9","105.9","105.9","106.0","106.3","106.8","107.2","107.3","107.8","108.2","108.3","109.2","109.7","110.1","110.6","111.5","111.5","111.9","112.1","112.5","113.2","113.6","114.3","114.9","115.5","115.7","115.9","116.2","115.9","116.2","116.1","115.8","116.0","116.3","116.9","117.3","117.7","117.7","118.1","118.3","118.3","119.3","119.3","118.8","119.4","119.4","119.4","120.2","120.3","120.1","120.1","120.1","120.5","120.6","120.2","120.1","120.8","120.4","121.0","121.2","121.1","121.0","120.7","120.7","121.4","121.3","120.8","121.1","121.4","121.9","121.9","122.7","122.1","122.1","122.3","123.0","123.3","123.6","122.9","123.3","123.2","123.8","124.3","124.5","124.1","124.0","124.2","124.5","124.8","124.9","124.2","124.5","125.1","125.5","125.8","126.3","126.1","126.3","126.4","126.5","126.8","126.8","126.5","127.1","127.9","128.6","128.9","129.5","129.5","129.3","129.7","129.9","130.1","130.1","129.8","130.1","131.1","131.9","131.9","132.7","132.8","132.8","132.9","133.2","133.5","133.6","132.9","133.6","134.0","134.8","135.1","135.3","135.3","134.9","135.0","134.6","134.9","134.5","134.3","135.1","135.7","136.0","135.9","136.2","136.1","136.0","136.1","135.8","136.4","136.6","136.0","136.8","137.7","137.8","137.7","138.0","138.2","138.7","138.8","138.1","138.8","138.5","138.8","139.0","140.1","140.5","140.6","141.1","141.3","141.9","141.9","141.3","142.1","141.9","141.7","142.6","143.6","143.5","143.1","143.1","143.7","143.4","142.7","142.8","143.5","143.6","142.9","143.5","143.6","143.8","144.4","145.2","145.4","146.1","146.6","146.7","146.9","146.8","146.9","147.6","148.8","150.7","151.5","153.0","153.7","154.6","155.0","155.6","156.2","156.6","156.4","157.1","157.3","158.2","159.0","159.4","159.4","160.5","160.4","160.3","160.4"
"Energy 7","38.7","38.7","39.8","39.8","40.8","42.2","43.5","43.3","45.5","45.5","45.1","45.4","46.1","47.1","50.5","50.3","49.6","51.0","51.9","52.3","56.7","54.1","54.1","51.9","54.6","53.2","57.2","58.5","58.1","58.1","57.9","56.8","56.8","56.8","57.4","57.7","58.4","58.4","58.2","58.6","57.7","56.8","59.3","59.3","59.0","58.8","58.8","59.9","60.3","60.4","60.8","62.0","62.4","62.6","60.8","60.0","61.1","61.8","62.2","62.6","63.2","63.2","60.7","56.4","55.5","55.4","55.2","55.2","55.2","54.8","54.0","53.9","55.2","55.9","57.0","57.2","56.9","61.5","60.6","60.6","60.5","62.2","61.0","61.8","59.0","54.8","55.2","59.2","58.5","57.3","56.0","55.4","56.4","56.1","54.7","54.3","53.4","53.7","57.1","57.6","60.6","61.7","62.4","62.6","62.6","62.6","63.8","63.8","65.1","65.1","66.0","67.8","68.7","69.3","68.2","68.3","69.6","74.6","77.1","74.4","80.9","65.6","66.5","63.3","68.7","67.3","71.6","72.6","71.4","69.8","69.0","69.0","69.8","66.3","69.2","65.5","67.7","69.6","72.2","70.2","69.1","68.5","71.3","70.3","71.9","69.4","69.3","71.1","71.4","73.2","72.4","72.4","72.1","72.2","73.2","73.5","71.9","71.6","70.1","73.8","74.1","75.4","75.8","77.2","77.9","74.7","74.5","75.6","73.5","72.4","73.7","75.0","77.0","75.6","74.9","72.5","72.7","72.9","73.2","72.0","71.6","72.5","76.4","78.1","79.6","78.0","78.3","78.1","79.0","77.6","77.6","78.8","82.5","84.2","83.5","79.0","79.2","81.2","80.5","80.5","80.3","80.0","80.8","80.3","79.4","71.8","75.0","78.7","78.8","80.0","78.8","78.7","74.8","78.0","76.7","79.1","78.2","77.8","78.2","80.1","82.6","82.3","82.9","88.3","90.0","92.6","89.5","91.1","90.9","87.1","94.5","94.2","97.2","98.8","106.0","104.9","109.5","113.1","114.0","113.2","81.1","100.7","98.3","97.7","129.9","132.1","107.9","106.4","115.9","106.9","68.7","80.9","95.3","96.7","89.6","96.0","95.5","94.4","93.3","90.9","104.4","115.6","115.4","113.0","119.8","123.9","132.5","129.8","114.8","120.8","117.2","115.5","122.1","112.5","111.3","109.9","110.3","113.5","114.1","119.8","127.4","137.9","127.5","128.9","126.8","126.8","128.4","124.5","121.4","121.2","126.0","135.2","128.3","130.7","143.9","142.2","160.5","151.1","143.0","131.2","148.4","132.8","135.9","148.8","149.7","136.7","154.3","154.1","145.6","131.0","135.2","139.3","141.1","137.4","149.8","157.2","152.8","159.2","160.8","161.7","158.3","150.8","154.1","153.0","155.3","155.2","162.6","176.7","184.6","204.6","194.5","201.6","179.7","161.3","148.7","142.7","135.7","146.5","137.4","131.2","133.5","141.4","137.4","143.9","136.2","133.1","144.5","141.0","148.3","144.5","141.5","137.1","138.9","140.8","149.2","145.1","144.2","140.6","137.8","147.5","151.8","158.1","156.4","176.7","169.1","164.9","170.3","176.0","163.1","176.5","163.5","171.0","173.8","169.3","161.5","161.1","152.3","161.2","160.8","169.7","169.3","167.8","156.3","155.2","151.8","161.3","161.2","166.6","171.3","180.3","173.7","168.5","169.4","160.8","163.4","161.5","166.3","168.6","194.5","175.9","177.6","168.8","179.8","173.0","171.8","174.3","157.3","150.3","138.5","140.1","142.8","144.2","141.0","152.7","155.9","160.8","150.1","152.9","144.5","135.4","129.1","123.7","131.8","128.9","133.0","144.6","139.5","143.5","139.0","142.9","135.7","137.4","159.5","146.1","141.8","154.1","145.4","142.0","145.8","150.7","147.9","149.4","159.4","156.2","164.3","164.0","164.5","178.9","175.4","172.0","183.2","179.6","180.0","175.3","168.3","159.6","157.7","164.2","176.1","183.0","180.6","157.6","162.4","160.6","160.4","160.8","162.0","167.4","168.6","167.6","145.9","135.5","152.4","158.1","161.5","160.1","171.8","164.1","165.8","167.5","174.0","183.0","187.7","190.9","193.1","194.0","209.5","214.4","209.2","217.7","222.2","222.7","229.7","240.3","245.3","239.5","254.3","284.2","268.4","233.4","223.6","247.3","234.2","223.0","202.4","190.3","205.9","230.2","231.0","235.7","247.8","264.4","251.7","233.4"
"Goods 8","50.3","50.6","51.1","51.1","51.8","52.6","53.2","53.5","53.7","54.0","54.7","54.7","54.8","55.6","56.4","56.6","57.2","57.9","58.0","58.2","58.7","58.6","58.8","58.4","58.4","58.8","59.6","60.5","60.8","60.8","60.9","60.9","60.7","61.1","61.5","61.5","61.9","62.2","62.3","62.6","62.3","62.5","63.2","63.2","63.5","63.4","63.6","63.8","64.3","64.6","64.8","65.4","65.4","66.1","66.0","65.8","66.0","66.1","66.4","66.5","67.2","67.3","67.3","67.2","67.4","67.6","67.8","67.9","68.4","68.5","68.6","68.8","69.4","69.4","69.7","70.7","71.5","72.1","72.4","72.1","72.1","72.2","72.5","72.6","72.9","72.5","72.8","73.3","73.6","73.6","73.5","73.5","73.7","73.6","73.4","73.0","73.2","73.8","74.6","74.6","76.3","76.8","77.4","77.2","77.6","77.4","77.7","77.8","78.8","78.8","78.9","79.3","79.4","80.1","80.3","80.5","80.6","81.5","82.0","81.6","84.1","82.3","83.0","82.7","83.9","84.0","84.3","84.6","84.1","83.5","83.8","83.2","83.5","83.7","84.1","83.9","83.8","84.1","84.1","84.2","83.8","83.7","84.5","84.2","85.0","84.8","82.5","83.0","83.3","84.1","84.4","84.3","84.1","84.0","84.7","85.0","84.9","84.5","84.1","84.8","84.9","85.0","85.3","85.3","85.6","85.3","85.5","86.1","86.1","86.2","86.3","86.7","86.7","86.3","86.2","86.0","86.1","86.2","86.9","86.8","87.1","87.0","87.9","88.6","88.6","88.2","88.4","88.6","88.9","88.8","89.5","89.8","90.5","91.1","91.2","90.3","90.3","90.5","90.0","89.9","89.8","90.3","90.5","90.5","90.6","89.2","89.7","90.3","90.4","91.1","90.6","90.6","89.7","90.1","90.6","90.7","91.2","90.9","91.0","91.2","92.1","92.0","92.0","92.9","93.5","94.0","93.4","94.0","93.3","92.8","94.5","94.2","95.0","95.2","96.3","96.3","97.2","97.7","98.4","98.5","92.5","96.5","96.5","96.4","102.6","102.7","98.9","98.6","100.0","98.4","91.8","94.5","96.9","97.6","97.2","99.8","99.6","99.6","99.0","98.5","101.0","103.4","103.7","103.7","104.0","104.2","105.8","105.4","103.8","104.3","103.3","102.8","103.8","102.4","103.0","102.6","102.4","102.4","102.8","103.2","104.5","106.3","104.5","104.2","104.1","103.7","105.1","104.3","103.6","103.4","104.5","105.8","104.9","105.4","107.1","107.0","109.2","108.3","107.8","106.2","108.5","106.3","106.8","108.0","108.5","106.5","108.8","109.0","108.5","106.0","107.1","107.4","108.1","108.0","109.8","111.2","110.7","111.7","111.4","111.0","110.7","108.9","109.4","108.7","108.7","108.4","109.7","111.7","112.5","115.5","114.0","115.3","112.6","109.7","109.8","108.7","107.2","109.1","107.9","106.8","107.9","108.9","107.8","108.7","107.2","107.6","109.9","108.5","109.5","109.1","108.8","108.7","108.6","108.3","109.2","108.4","108.1","108.6","108.4","108.7","109.7","110.6","111.2","113.4","113.0","111.2","111.7","112.8","112.0","114.2","112.7","112.7","113.6","112.5","112.2","112.3","111.2","111.4","111.1","112.7","112.8","113.0","111.5","110.3","110.2","111.8","112.3","113.1","113.7","114.0","113.0","112.5","112.9","112.3","112.6","111.7","112.8","113.6","117.9","115.7","116.0","114.7","115.4","114.8","115.0","115.5","113.8","112.5","111.5","112.2","114.0","114.1","114.3","115.5","115.4","115.9","115.3","116.2","115.6","113.7","113.9","113.3","115.3","115.4","115.9","117.1","115.5","116.2","115.1","115.7","114.4","114.3","117.4","116.3","116.3","117.5","116.7","116.0","116.1","116.8","116.5","117.1","118.7","117.9","119.0","119.5","119.7","121.4","120.5","120.6","121.2","121.0","121.4","121.0","119.8","118.4","118.6","121.0","122.7","123.5","123.1","120.6","121.3","120.8","121.4","122.0","122.4","122.1","124.2","124.6","121.9","119.8","121.9","123.0","123.0","122.1","123.7","123.5","123.7","122.5","124.5","125.9","126.9","127.8","129.0","128.9","130.7","131.5","131.4","132.5","133.1","132.6","134.5","136.6","139.2","138.9","141.5","144.5","143.3","140.8","140.6","143.4","142.9","140.8","140.4","139.7","141.9","144.5","145.1","145.5","146.7","147.8","146.4","144.2"
"Services 9","44.1","44.5","44.9","45.5","46.1","46.6","47.2","47.7","48.0","48.7","49.2","49.7","50.5","51.2","52.1","52.7","53.3","53.6","54.2","54.4","54.5","55.3","55.5","55.5","55.6","55.8","55.7","55.9","56.1","56.3","56.5","56.6","56.3","56.6","56.5","56.6","56.6","56.6","56.5","56.6","56.7","56.8","57.0","57.1","57.1","56.8","56.8","56.8","56.8","56.9","57.1","57.2","57.4","57.5","57.9","57.9","57.9","57.9","58.0","58.0","58.1","58.4","58.9","59.1","59.4","59.6","60.3","60.3","59.9","60.0","59.9","60.0","59.9","60.0","60.0","60.3","60.7","61.0","61.8","62.0","61.8","61.6","61.7","61.9","61.6","62.0","62.7","62.7","62.6","62.6","63.1","63.1","63.0","63.2","63.3","63.3","64.0","64.1","64.5","64.7","65.0","65.3","66.0","66.1","66.3","66.5","66.7","67.0","67.3","67.8","68.1","68.7","69.2","69.5","70.2","70.4","71.0","71.2","71.7","71.9","73.7","74.1","74.2","74.4","74.6","74.7","75.4","75.5","75.7","76.1","76.1","75.9","76.1","76.1","76.4","76.6","76.8","76.9","77.4","77.4","77.8","77.7","77.9","77.7","77.7","78.0","78.1","78.5","78.6","78.5","79.0","79.1","79.4","79.4","79.4","79.3","79.3","79.5","79.4","79.4","79.5","79.7","80.4","80.6","81.0","80.8","80.9","81.0","81.0","81.4","81.6","81.8","82.1","82.3","83.3","83.3","83.6","83.4","83.5","83.0","83.1","83.3","83.7","83.8","84.1","84.0","84.9","84.8","85.0","84.8","84.5","84.5","84.7","84.5","84.8","85.1","85.4","85.9","86.5","86.5","86.8","86.4","85.9","86.1","86.4","86.7","87.0","87.3","87.6","88.2","88.7","88.8","89.0","88.8","88.4","88.6","88.6","88.9","89.1","89.5","89.8","90.4","90.8","91.2","91.6","91.4","91.2","91.4","91.4","91.9","92.0","92.4","92.9","93.4","94.0","94.2","94.5","94.1","94.1","94.1","94.4","94.8","94.7","95.0","95.6","96.1","96.9","97.0","97.0","96.4","96.2","96.4","96.5","96.8","97.7","98.2","99.3","100.3","100.9","101.7","101.8","101.6","102.4","102.9","103.0","103.5","103.9","104.3","104.6","105.1","105.3","105.4","105.7","106.2","106.4","106.6","106.6","106.7","106.9","107.0","107.5","107.8","108.3","108.3","108.5","108.3","108.3","108.5","108.5","109.0","109.2","109.3","110.0","110.2","110.4","110.4","110.8","111.1","111.3","111.9","112.3","113.2","113.9","114.7","116.0","117.2","118.1","118.8","119.7","120.2","120.5","121.2","121.4","122.3","123.1","123.9","125.2","126.2","127.0","127.9","128.5","128.8","129.2","129.7","129.4","130.0","130.4","131.3","132.5","132.8","133.1","133.4","133.5","133.9","134.0","134.4","134.1","134.6","134.7","134.9","135.7","136.0","136.1","136.1","136.6","136.5","136.0","136.0","135.9","137.3","136.3","136.8","137.6","138.0","138.2","137.9","138.0","138.3","138.0","138.0","138.1","138.7","138.7","139.2","140.1","140.3","140.7","140.7","141.1","141.1","141.5","141.3","141.4","141.8","142.2","142.9","143.4","143.6","143.8","143.7","144.1","144.2","144.3","144.1","144.4","145.0","145.1","145.6","146.6","147.0","147.7","147.8","147.6","147.9","147.8","148.1","148.6","149.6","149.5","150.3","151.1","151.7","152.0","152.4","152.5","152.6","152.3","152.4","152.6","153.9","153.8","154.0","154.8","155.3","155.7","156.1","156.0","155.9","155.7","155.3","155.7","156.6","156.7","156.8","157.2","157.4","157.7","157.5","157.7","158.0","157.7","157.7","158.6","159.2","159.4","159.4","159.9","159.9","160.1","160.1","159.6","160.3","160.2","159.3","160.9","162.1","162.2","161.8","163.0","162.9","164.6","164.5","162.9","163.9","163.8","164.9","164.6","164.9","165.3","165.7","166.8","167.0","168.0","168.2","166.4","167.2","166.7","167.3","167.0","168.2","168.3","168.4","168.4","169.0","169.0","168.4","168.2","169.0","169.1","169.2","169.1","168.8","168.8","169.4","170.0","170.6","171.6","172.2","171.9","171.8","171.2","172.3","172.2","173.2","174.3","176.0","177.5","178.6","180.2","180.3","180.9","181.1","181.2","182.3","181.9","182.1","182.8","183.9","184.1","184.2","186.4","186.7","186.6","187.7"




Footnotes:
1,"The Consumer Price Index (CPI) is not a cost-of-living index. The objective behind a cost-of-living index is to measure changes in expenditures necessary for consumers to maintain a constant standard of living. The idea is that consumers would normally switch between products as the price relationship of goods changes. If, for example, consumers get the same satisfaction from drinking tea as they do from coffee, then it is possible to substitute tea for coffee if the price of tea falls relative to the price of coffee. The cheaper of the interchangeable products may be chosen. We could compute a cost-of-living index for an individual if we had complete information about that person's taste and spending habits. To do this for a large number of people, let alone the total population of Canada, is impossible. For this reason, regularly published price indexes are based on the fixed-basket concept rather than the cost-of-living concept."
2,"This table replaces table 18-10-0008-01 which was archived with the release of April 2007 data."
3,"From April 2020 to November 2021, and from January 2022 to February 2022, certain sub-indexes and components thereof were imputed using special approaches in either one, or more months. The affected indexes include child care services; housekeeping services; air transportation; personal care services; recreational services; travel tours; spectator entertainment; use of recreational facilities and services; beer served in licensed establishments; wine served in licensed establishments, and liquor served in licensed establishments. The details of these treatments from April 2020 to March 2021 are provided in technical supplements available through the <a href="https://www150.statcan.gc.ca/n1/en/catalogue/62F0014M" rel="external noopener noreferrer" target="_blank">Prices Analytical Series (opens new window)</a>. Starting in April 2021, details and treatments are available upon request by contacting the <a href="mailto:statcan.cpddisseminationunit-dpcunitedediffusion.statcan@statcan.gc.ca" rel="external noopener noreferrer" target="_blank">Consumer Prices Division (opens new window)</a>."
4,"The goods and services that make up the Consumer Price Index (CPI) are organized according to a hierarchical structure with the all-items CPI as the top level. Eight major components of goods and services make up the all-items CPI. They are food; shelter; household operations, furnishings and equipment; clothing and footwear; transportation; health and personal care; recreation, education and reading; and alcoholic beverages, tobacco products and recreational cannabis. These eight components are broken down into a varying number of sub-groups which are in turn broken down into other sub-groups. Indents are used to identify the components that make up each level of aggregation. For example, the eight major components appear with one indent relative to the all-items CPI to show that they are combined to obtain the all-items CPI. NOTE: Some items are recombined outside the main structure of the CPI to obtain special aggregates such as all-items excluding food and energy; energy; goods; services; or fresh fruit and vegetables. They are listed after the components of the main structure of the CPI following the last major component entitled alcoholic beverages, tobacco products and recreational cannabis."
5,"Food includes non-alcoholic beverages."
6,"Part of the increase first recorded in the shelter index for Yellowknife for December 2004 inadvertently reflected rent increases that actually occurred earlier. As a result, the change in the shelter index was overstated in December 2004, and was understated in the previous two years. The shelter index series for Yellowknife has been corrected from December 2002. In addition, the Yellowknife all-items Consumer Price Index (CPI) and some Yellowknife special aggregate index series have also changed. Data for Canada and all other provinces and territories were not affected."
7,"The special aggregate energy includes electricity; natural gas; fuel oil and other fuels; gasoline; and fuel, parts and accessories for recreational vehicles."
8,"Goods are physical or tangible commodities usually classified according to their life span into non-durable goods, semi-durable goods and durable goods. Non-durable goods are those goods that can be used up entirely in less than a year, assuming normal usage. For example, fresh food products, disposable cameras and gasoline are non-durable goods. Semi-durable goods are those goods that may last less than 12 months or greater than 12 months depending on the purpose to which they are put. For example, clothing, footwear and household textiles are semi-durable goods. Durable goods are those goods which may be used repeatedly or continuously over more than a year, assuming normal usage. For example, cars, audio and video equipment and furniture are durable goods."
9,"A service in the Consumer Price Index (CPI) is characterized by valuable work performed by an individual or organization on behalf of a consumer, for example, car tune-ups, haircuts and city public transportation. Transactions classified as a service may include the cost of goods by their nature. Examples include food in restaurant food services and materials in clothing repair services."



"How to cite: Statistics Canada. Table 18-10-0004-01  Consumer Price Index, monthly, not seasonally adjusted"
https://www150.statcan.gc.ca/t1/tbl1/en/tv.action?pid=1810000401